Quelle;ID;Datenerhebung/Monitoring;Fachliche Beschreibung;Datenherrschaft: Wem gehört diese Erhebung? Wer ist der/die Datenherr*in?;Zuständige Person;Datenlieferant: Wer liefert die Daten, bzw. wer verantwortet die Erhebung?;Falls extern erhoben: Wie werden die Daten aus dieser Erhebung an die Abteilung übermittelt? (Vollautomatisch, manueller Download, Versand per Email, etc.);Ist die Datenqualität der Erhebung sichergestellt? (Datenquellen nachvollziehbar, Qualitätssicherung, Reproduzierbarkeit, etc.);In welchem System/welcher Applikation sind die Daten beim BAFU gespeichert?;Für welche Interessengruppen ist die Datenerhebung relevant?;Handelt es sich um Open Governance Data (OGD), die der Zivilbevölkerung zur Verfügung gestellt werden müssen?;Wird die Datenerhebung inklusive Rohdaten maschinenlesbar veröffentlicht?;Kommentare
Sektion Digitales;1;Datenmodelle Anwendungen BAFU;"Metadaten:konzeptionelle und logische Datenmodelle inkl. abhängiger Elemente wie Entitäten, Attribute etc. Die Modelle entstammen aktuellen Projekten";Sektion Digitales;Gerhard Furrer;IT-Projekte des BAFU;n/a;ja, sofern Weiterentwicklung über begleitetes Projekt;Confluence & Innovator;Sektion Digitales / IT Projekte BAFU;nein;"Confluence: nein Innovator: die Daten können als XML exportiert werden";Prozess zur Erhebung in Projekten vorhanden. Infolge fehlender Ressourcen in der Vergangenheit lückenhaft
Sektion Digitales;2;Architekturmodelle Anwendungen BAFU;"Metadaten: Modelle nach MMB-Notation (MMB = ModellierungsMethode Bund = Archimate-Derivat) nach verschiedenen Sichten (Kontext, Whitebox, Datenfluss, Infrastruktur) der Anwendungen des BAFU inkl. dazugehöriger Konzepte wie Komponenten, Schnittstellen, Technologien etc.";Sektion Digitales;Gerhard Furrer;IT-Projekte des BAFU;n/a;ja, sofern Weiterentwicklung über begleitetes Projekt;Innovator;Sektion Digitales / IT Projekte BAFU;nein;Innovator: die Daten können als XML exportiert werden;Prozess zur Erhebung in Projekten vorhanden. Ziemlich vollständig, muss jedoch aktualisiert werden
Sektion Digitales;3;Datenkataloge Anwendungen BAFU;"Metadaten: semantische Beschreibung der Daten der Datenmodelle (s.1)";Sektion Digitales;Gerhard Furrer;IT-Projekte des BAFU;n/a;ja, sofern Weiterentwicklung über begleitetes Projekt;Confluence;Sektion Digitales / IT Projekte BAFU;ja;nein;sehr lückenhaft, gutes Beispiel liegt für die Anwendung Revia vor: https://jira.uvek.admin.ch/wiki/x/fLv0Bw
Sektion Digitales;4;BPMN Modelle der Prozesse BAFU;"Metadaten: Geschäftsprozessmodelle nach BPMN";Prozess- & Risikomanagement / temporäre Modelle: Sektion Digitales;Annett Siekert (temp. Modelle: Gerhard Furrer);Prozess- & Risikomanagement /  IT-Projekte des BAFU (Sektion Digitales);n/a;nein, es gibt keinen Pflegeprozess;Innovator (Bpanda). Temporäre Modelle in Confluence;Geschäftsprozessverantwortliche ;nein;Innovator: die Daten können als XML exportiert werden;
Abteilung Recht;5;Verbandsbeschwerden;Statistik über alle erfolgten Verbandsbeschwerden;Abteilung Recht;Stefanie Hug (RD2);Verbände mit Verbandsbeschwerderecht;E-Mail, Excel, Word-Formular (Digitalisierung angeplant);ja;Acta Nova;Öffentlichkeit;aggregiert, ja;nein;
Abteilung Recht;6;Kantonale Gerichtsurteile im Umweltrecht ;Verfolgung der kantonalen Rechtsprechung, Aufsicht, Prüfung der Behördenbeschwerde;Abteilung Recht;Nathalie Bläuer (JSS);Kantone;physisch, selten elektronisch z.B. E-Mail;ja;Acta Nova;Fachabteilungen / BAFU;nein;nein;
Abteilung Recht;7;Strafanzeigen;BAFU erhebt von Amtes wegen Strafanzeigen gestützt auf Vollzugskompetenz;Abteilung Recht;Andrea von May (RD3);Verschieden externe und interne Quellen;Acta Nova oder E-Mail;ja;Acta Nova;Fachbteilungen / BAFU / Kantone / Öffentlichkeit;aggregiert, ja;nein;
Abteilung Recht;8;Entscheide Umweltstrafrecht;"Statistik über die nach der Verordnung über die Mitteilung kantonaler Strafentscheide (SR 312.3) dem BAFU zugestellter Entscheide";Abteilung Recht;Jan Boltshauser (RD3);Kantone (Strafverfolgungsbehörden bzw. Gerichte);Acta Nova  (Posteingang Strafentscheide);ja (externe Qualitätssicherung durch ecoptima ag);Acta Nova;Facabteilungen / BAFU / Kantone / Öffentlichkeit;anonymisiert, ja;nein;
Abteilung Boden und Biotechnologie;9;Nationale Bodenbeobachtung NABO;NABO erfasst und beurteilt an rund 110 Standorten die zeitliche Entwicklung der Bodenqualität anhand chemischer, physikalischer und biologischer Bodeneigenschaften. Das Messnetz wird seit 1985 betrieben und die Standorte alle 5 Jahre beprobt. ;BAFU, Sektion Boden  ;Thomas Drobnik ;bisher nur Agroscope (zukünftig weitere);Daten werden mit Excel-Vorlagen in NABODAT importiert. Import wird durch Servicestelle NABODAT durchgeführt. ;"ja. Geodatenmodell: https://www.bafu.admin.ch/bafu/de/home/zustand/daten/geodatenmodelle/boden--geodatenmodelle.html";"NABODAT LINDAS opendata.swiss ";Bund, Kantone, Öffentlichkeit, Forschung ;"Ja, die Koordinaten der Standorte sind jedoch aufgerundet. https://www.bafu.admin.ch/bafu/de/home/themen/boden/zustand/visualisierung-der-schwermetallbelastung-des-bodens.html";"https://opendata.swiss/de/dataset/bodenbelastung-durch-schwermetalle";aktuelle findet eine Neuasurichtung von NABO statt, d.h. dass zusätzliche Bodenuntersuchungen dazu kommen werden. Bisher besteht aber noch kein Datenmodell zu diesen Parametern .
Abteilung Boden und Biotechnologie;10;Daten Schadstoffbelastungen ;Gemäss Art. 4 VBBo sind die Kantone verpflichtet, in Gebieten mit erwarteten oder festgestellten Bodenbelastungen, welche die Bodenfruchtbarkeit gefährden, diese  zu überwachen. Die Resultate der Überwachung bilden die Grundlage des Geobasisdatensatzes 125 gem. Anhang 1 GeoIV;Kantone ;Christine Hauert;"Kantone  (es gibt aber keine Datenlieferung; die Daten bleiben bei den Kantonen)";Daten werden mit Excel-Vorlagen in NABODAT importiert. Import wird durch Servicestelle NABODAT durchgeführt. ;"Ja Geodatenmodell:  https://www.bafu.admin.ch/bafu/de/home/zustand/daten/geodatenmodelle/boden--geodatenmodelle.html";NABODAT;Bund, Kantone (Vollzug), Gemeinden, Öffentlichkeit, Forschung, etc. ;Nein, nur übergeordnete Auswertungen. Schadstoffdaten sind nicht öffentlich. ;Nein. ;
Abteilung Boden und Biotechnologie;11;Daten aus kantonalen Bodenbeobachtungen ;"Überschneidet sich mit Nr. 2., einige Kantone haben für die Überwachung der Bodenbelastung ein eigenes kantonales Bodenbeobachtungnetz. Grundlage bildet auch hier der Geobasisdatensatz 125 gem. Anhang 1 GeoIV";Kantone ;Christine Hauert;"Kantone  (es gibt aber keine Datenlieferung; die Daten bleiben bei den Kantonen)";Daten werden mit Excel-Vorlagen in NABODAT importiert. Import wird durch Servicestelle NABODAT durchgeführt. ;"Ja Geodatenmodell:  https://www.bafu.admin.ch/bafu/de/home/zustand/daten/geodatenmodelle/boden-geodatenmodelle.html";grösstenteils in NABODAT ;Bund, Kantone (Vollzug), Gemeinden, Öffentlichkeit, Forschung, etc. ;sind grösstenteils nicht öffentlich oder werden über kant. Portale veröffentlicht. Unterstehen kant. Daten dem OGD?;Nein. ;
Abteilung Boden und Biotechnologie;12;Bodenkartierungsdaten ;Punkt- und Flächendaten aus Bodenkartierungsprojekten. Bisher v.a. von kantonalen Kartierungen. Wenige von WSL, oder alte Profildaten (siehe nächster Eintrag). ;Kantone, wenige Bund ;Christine Hauert;v.a. Kantone, wenige weitere wie WSL oder Agroscope, oder Bodenkompetenzzentrum KOBO.  ;"durch Erfassungsapplikation Soildat über ein CSV zu NABODAT oder über Excel-Erfassungsvorlagen manueller Eintrag möglich ";In der Verantwortung der Kantone, Datenherrn ;NABODAT ;Bund (BAFU, BLW, ARE (FFF-Ausscheidung), Kantone, Öffentlichkeit ;Ja, Daten können öffentlich zur Verfügung gestellt werden. werden bisher als Bodendatensatz Schweiz veröffentlicht. ;"wird bisher erst als Excel-Export zur Verfügung gestellt. https://ccsols.ch/wp-content/uploads/2023/11/DOKUMENTATION_V6_2022_DE.pdf";Mit dem Projekt schweizweite Bodenkartierung wird dieser Datenpool massiv zunehmen und der Bund zus. mit den Kantonen auch Datenherr werden. 
Abteilung Boden und Biotechnologie;13;Bodendateninventar Agroscope ;Bodendateninventar der Agroscope wurde digitalisiert und in NABODAT aufgenomment. ;Agroscope Bund ;Christine Hauert ;Agroscope (einmalige Datenmigration), mittlerweile abgeschlossen. ;"Daten in NABODAT https://www.agroscope.admin.ch/agroscope/de/home/themen/umwelt-ressourcen/boden-gewaesser-naehrstoffe/nabo/nationale-bodeninformation/bodeninventar.html";"Historische Daten (ca. 1960 - 1998); Datenqualität verbesserte sich im Laufe der Jahrzehnte";NABODAT ;Bund (BAFU, BLW, ARE (FFF-Ausscheidung), Kantone, Öffentlichkeit ;Ja, Daten können öffentlich zur Verfügung gestellt werden. ;;
Abteilung Boden und Biotechnologie;14;Geochemischer Bodenatlas;"Es wurden Karten erstellt, welche die Verteilung von 20 hauptsächlich geogenbedingten chemischen Elementen in der der Schweizer Oberböden visualisieren. Sie bilden eine wichtige Grundlage für die Umsetzung beim Umgang mit geogen belasteten Böden.Punktdaten sind in NABODAT. ";"Kantone BAFU Sektion Boden (insb. BDM-Daten und Karten) ";Alice Badin ;Kantone, Bund ;Unterschiedliche Datenquellen: teilweise aus NABODAT, teilweise Neuerhebungen (Excel);ja. ;"Map Geo Admin https://www.bafu.admin.ch/bafu/de/home/themen/boden/fachinformationen/geochemischerbodenatlas.html";Bund, Kantone (Vollzug), Gemeinden, Öffentlichkeit, Forschung, etc. ;"nur die Auswertungen in Form der Rasterkarten. In Abklärung ob Daten in mit anonymisierten  Koordinaten zur Verfügung gestellt werden können. ";Karten auf Map Geo Admin;bisher einmalige Erhebung. Unklar, ob es eine Nachfolgerhebung geben wird. 
Abteilung Boden und Biotechnologie;15;BDM Daten ;"Teil der Punktdaten für die Erstellung von Nr. 6. für die Erstellung des geochem. Bodenatlas wurde im Rahmen des Biodiversitätsmonitorings (BDM) Bodenproben genommen. Insgesamt wurden so bei 1082 Standorten Bodenproben entnommen (einmalig). ";BAFU Sektion Boden  ;Thomas Drobnik ;Bund ;Daten werden mit Excel-Vorlagen in NABODAT importiert. Import wird durch Servicestelle NABODAT durchgeführt. ;"Ja Geodatenmodell:  https://www.bafu.admin.ch/bafu/de/home/zustand/daten/geodatenmodelle/boden--geodatenmodelle.html";NABODAT ;Bund, Kantone (Vollzug), Gemeinden, Öffentlichkeit, Forschung, etc. ;werden mit anonymisierten  Koordinaten im Bodendatensatz CH zur Verfügung gestellt. ;in Form einer Auswertung als Rasterdaten in Map Geo Admin ;bisher einmalige Erhebung. Unklar, ob es eine Nachfolgerhebung geben wird. 
Abteilung Boden und Biotechnologie;16;Erosionsrisikokarte;"Erosionsrisikokarte des Ackerlands im 2x2-Meter Raster liegt in zwei Ausführungen vor: als qualitative Risikokarte, sowie als quantitative Risikokarte, die den langjährigen mittleren potentiellen Bodenabtrag in t/ha und Jahr veranschaulicht.Plus Fliesswegkarte, die die Wasseransammlungen und Abflusswege im Gelände anzeigt. Die Erosionsrisikokarten des Dauergrünlands liegen als monatliche Karten mit einer räumlichen Auflösung von 100 x 100 Meter vor.";"BAFU Sektion Boden BLW und Agroscope ";Corsin Lang ;Agroscope? ;"Die Erosionsrisikokarte (ERK) für Ackerflächen wie auch die ERK für Dauergrünland sind statische Karten. Die ERK für Ackerflächen wurde durch das CDE Universität Bern erarbeitet und die ERK Dauergrünland durch das UGW Universität Basel erarbeitet. Der Download der Daten ist über www.geocat.ch verfügbar.";Ja ;Map Geo Admin;Bund (u.a. BAFU, BLW), Kantone (Vollzug), Gemeinden, Bewirtschafter etc. ;Ja ;Karten auf Map Geo Admin;"Weitere Informationen: https://www.admin.ch/gov/de/start/dokumentation/medienmitteilungen.msg-id-77771.html"
Abteilung Boden und Biotechnologie;17;ECOGEN;Verzeichnis sämtlicher melde-oder bewilligungspflichtiger Aktivitäten mit Organismen in geschlossenen Systemen in der Schweiz gemäss Einschliessungsverordnung (ESV).;BAFU / Bund;Andrea Johner (JOH), Basil Gerber (GB);BAFU / Bund;Interne Erhebung;Ja , gemäss Vorgaben ESV;ECOGEN;Bund, Kantone, allenfalls gemeinden, Medien, interessiert Öffentlichkeit;Ja, Daten gemäss ESV über öffentliches Verzeichnis auf ECOGEN, zudem mittels BAFU-Indikatoren;Öffentliches Verzeichnis auf ECOGEN gemäss ESV;ECOGEN
Abteilung Boden und Biotechnologie;18;Monitoring invasiver gebietsfremder Stechmücken in der Schweiz;Landesweite Überwachung der Tigermücke (Aedes albopictus), das Asiatischen Buschmücke (Aedes japonicus) und der koreanischen Buschmücke (Aedes koreicus) ;BAFU / Bund;Basil Gerber (GB);Schweizerisches Mückennetzwerk (SMN) in Zusammenarbeit mit infofauna;Webseite infofauna und summarische, jährliche Berichte;Validierung der Daten durch das SMN, Darstellung mittels standartisiertem Verfahren von infofauna;Summarische, jährliche Berichte auf Actanova;Bund, Kantone, Gemeinden, Medien, interessiert Öffentlichkeit;Ja, mittels infofauna (unklar ob ein Muss oder ein Kann);Karten auf infofauna;https://lepus.infofauna.ch/carto/90278
Abteilung Boden und Biotechnologie;19;Monitoring gentechnisch veränderter Pflanzen in der Schweiz;Landesweite Überwachungvon gentechnisch veränderten Pflanzen;BAFU / Bund;Jan Zünd (ZUJ);InfoFlora, Kantonales Laboratorium Basel-Stadt (KLBS), Kantone;manueller Download / Excel;Ja;Summarische, jährliche Berichte auf ActaNova;Bund, Kantone;Ja, in Form eines Indikators;nein;
Abteilung Luftreinhaltung und Chemikalien;20;Luftqualität;Immissionswerte des Nationalen Beobachtungsnetzes für Luftfremdstoffe NABEL;BAFU;Sektion Luftqualität;Empa, Abt. Luftfremdstoffe/Umwelttechnik;Direkter Datenfluss von den 16 Messstationen zu unserer NABEL Datenbank;Ja. Für Details s. aktueller Technischer Bericht des NABEL.;NABEL Oracle DB / Applikation Advis;Fachstellen und Behörden (kantonal, national, international), Medien, interessierte Verbände und Bevölkerung, Forschung;ja;Abruf von bereinigten Daten (Rohdatenexport auf Anfrage möglich);
Abteilung Hydrologie;21;Oberflächengewässer Basis-Messnetz;Wassersand und Abfluss in Fliessgewässern und Seen (Quantität);Abteilung Hydrologie;Petra Schmocker;Abteilung Hydrologie;;ja;WISKI;Abteilung Hydrologie / BAFU/ nationale und internationale Behörden, Blaulichtorg., Forschung, Zivilgesellschaft, usw;ja;teilweise;
Abteilung Hydrologie;22;Oberflächengewässer NAWA - Trend;Nationalen Beobachtung der Oberflächengewässerqualität (NAWA);Abteilung Hydrologie;Florian Storck;Abteilung Hydrologie und Kantone;per Email;ja;WISKI;Abteilung Hydrologie / BAFU/ nationale und internationale Behörden,., Forschung, Zivilgesellschaft, usw;ja;nein;
Abteilung Hydrologie;23;Oberflächengewässer NAWA - Fracht;Qualität Stofffrachten;Abteilung Hydrologie;Florian Storck;Abteilung Hydrologie;;ja;WISKI;Abteilung Hydrologie / BAFU/ nationale und internationale Behörden,., Forschung, Zivilgesellschaft, usw;ja;nein;
Abteilung Hydrologie;24;Oberflächengewässer Wasseremperatur;Wassertemperatur ;Abteilung Hydrologie;Florian Storck;Abteilung Hydrologie;;ja;WISKI;Abteilung Hydrologie / BAFU/ nationale und internationale Behörden,., Forschung, Zivilgesellschaft, usw;ja;nein;
Abteilung Hydrologie;25;Oberflächengewässer Trübung;Trübung;Abteilung Hydrologie;Florian Storck;Abteilung Hydrologie;;ja;WISKI;Abteilung Hydrologie / BAFU/ nationale und internationale Behörden,., Forschung, Zivilgesellschaft, usw;ja;nein;
Abteilung Hydrologie;26;Oberflächengewässer Schwebstoff;Schwebstoff;Abteilung Hydrologie;Florian Storck;Abteilung Hydrologie;;ja;WISKI;Abteilung Hydrologie / BAFU/ nationale und internationale Behörden,., Forschung, Zivilgesellschaft, usw;ja;nein;
Abteilung Hydrologie;27;Oberflächengewässer Badewasser-Qualität;Badewasserqualität;Kantone;Florian Storck;Kantone;per Email;ja;WISKI;Abteilung Hydrologie / BAFU/ nationale und internationale Behörden,., Forschung, Zivilgesellschaft, usw;ja;ja;
Abteilung Hydrologie;28;Grundwasser Naqua Quant ;Grundwasser Wasserstand (Quantität);Abteilung Hydrologie und Kanton;Flavio Malaguerra;Abteilung Hydrologie und Kantone;Kantonale Daten Email;ja;WISKI;Abteilung Hydrologie / BAFU/ nationale und internationale Behörden,., Forschung, Zivilgesellschaft, usw;ja;nein;
Abteilung Hydrologie;29;Grundwasser Naqua SPEZ;Grundwasser Qualität;Abteilung Hydrologie;Flavio Malaguerra;Abteilung Hydrologie und Kantone;Email;ja;WISKI;Abteilung Hydrologie / BAFU/ nationale und internationale Behörden,., Forschung, Zivilgesellschaft, usw;nein;nein;
Abteilung Hydrologie;30;Grundwasser Naqua TREND;Grundwasser Qualität;Abteilung Hydrologie und Kanton;Flavio Malaguerra;Abteilung Hydrologie ;;ja;WISKI;Abteilung Hydrologie / BAFU/ nationale und internationale Behörden,., Forschung, Zivilgesellschaft, usw;nein;nein;
Abteilung Hydrologie;31;Grundwasser Naqua ISOT;Isotope;Abteilung Hydrologie;Flavio Malaguerra;Abteilung Hydrologie;Email;ja;WISKI;Abteilung Hydrologie / BAFU/ nationale und internationale Behörden,., Forschung, Zivilgesellschaft, usw;ja;nein;
Direktionsbereich Klima;32;Treibhausgasinventar;Vollständige Statistik der Emissionen und Entzüge von Treibhausgasen in der Schweiz;BAFU (Klima, LuChem);Adrian Schilt, Regine Röthlisberger;DB Klima, Sektion Klimaberichterstattung und -anpassung;Es gibt zahlreiche externe Datenlieferanten. Im Rahmen von EMIS post-2025 wird eine standardisierte und effiziente Schnittstelle für die Datenlieferung angestrebt.;Ja (zertifiziert mit ISO:9001);EMIS;Hohe Relevanz: International (UNFCCC), national (CO2-Gesetz, Forschung), Bund, BAFU;Gewisse Teile sind vertrauchlich, Rest wird publiziert.;Ja, soweit möglich/sinnoll (LINDAS).;Im Programm Daten und Digitalisierung laufen Projekte, welche für das Treibhausgasinventar relevant sind.
Direktionsbereich Klima;33;CO2-Emissionen Gebäude;CO2-Emissionen der Gebäude pro Kanton;BAFU (Klima), Kantone;Gianna Battaglia, Regine Röthlisberger;Kantone;ecospeed (Download xlsx);Von ecospeed vergegebenes Vorgehen, Kontrolle der Daten durch BAFU;ActaNova (xlsx);Kantone, Öffentlichkeit;? (Daten sind nicht vetraulich und werden publiziert);Publikation auf Webseite, teilweise mit LINDAS möglich (Zusammenarbeit mit BFH);"Am BAFU erfolgt die Weiterverarbeitung mit Python. https://www.bafu.admin.ch/bafu/de/home/themen/klima/fachinformationen/verminderungsmassnahmen/gebaeude/kantonale-berichterstattung.html"
Direktionsbereich Klima;34;Emissionshandelssystem EHS;Daten, welche im Rahmen der Umsetzung des Emissionshandelssystem (stationäre Anlagen und Luftfahrt) erfasst werden.;BAFU (Klima);Manfred Poffet, Simone von Felten;EHS-Teilnehmer liefern Daten an DB Klima, Sektion CO2-Abgabe und Emissionshandel. Gewisse Daten liefert BFE aus ZVM-Tool (EHS-Teilnehmer geben dort ebenfalls Daten ein);"In Fachapplikation CORE via CORE-Portal Datentransfer von ZVM-Tool (Import) und Applikation BAZG (export): manueller Download durch DB Klima";Ja bzw. gem. Cybersecurity-Konzept;CORE;"Gesetzlicher Vollzug EHS THG-Inventar allg. Öffentlichkeit";Nein (gewisse Personendaten sowie aggregierte Daten werden veröffentlicht) ;Nein;Gewisse Daten hier verfügbar: https://www.emissionsregistry.admin.ch/ (siehe ID 7, Emissionshandelsregister)
Direktionsbereich Klima;35;Verminderungsverpflichtung;Daten, welche im Rahmen der Umsetzung der Verminderungsverpflichtungen erfasst werden.;BAFU (Klima);Manfred Poffet, Simone von Felten;Betreiber (Unternehmen) mit Verminderungsverpflichtung liefern Daten an DB Klima, Sektion CO2-Abgabe und Emissionshandel. Gewisse Daten liefert BFE aus ZVM-Tool (Betreiber mit Verminderungsverpflichtung geben dort ebenfalls Daten ein);"In Fachapplikation CORE via CORE-Portal Datentransfer von ZVM-Tool (Import) und Applikation BAZG (export): manueller Download durch DB Klima";Ja bzw. gem. Cybersecurity-Konzept;CORE;"Gesetzlicher Vollzug Verminderungsverpflichtung allg. Öffentlichkeit";Nein (gewisse Personendaten sowie aggregierte Daten werden veröffentlicht) ;Nein;Gewisse Daten hier verfügbar: https://www.bafu.admin.ch/bafu/de/home/themen/klima/fachinformationen/verminderungsmassnahmen/co2-abgabe/befreiung.html
Direktionsbereich Klima;36;Kompensation;Daten, welche im Rahmen von Kompensationsprojekten erfasst werden.;BAFU (Klima);Aric Gliesche, Kaspar Wüthrich;Gesuchsteller und kompensationspflichtige Treibstofimporteure;Per Email, teilweise direkt via Fachapplikation CORE via CORE-Portal;Ja bzw. gem. Cybersecurity-Konzept;CORE;Gesetzlicher Vollzug Kompensationspflicht;Nein (Personendaten, aggregierte Daten können allenfalls veröffentlicht werden);Nein;Gewisse Daten hier verfügbar: https://www.bafu.admin.ch/bafu/de/home/themen/klima/fachinformationen/verminderungsmassnahmen/kompensation/inland/wirkung.html
Direktionsbereich Klima;37;Klimapolitische Massnahmen;Zusammenstellung der klimapolitischen Massnahmen zur Berichterstattung im Rahmen der UNFCCC (Biennial Transparency Report, National Communications);BAFU (Klima);Adrian Schilt;BAFU, weitere Fachämter;Zusammenarbeit auf Sharepoint;Dokumentation in den Berichten, Review durch international Expert Review Teams.;ActaNova (xlsx, docx);UNFCCC (national ist die Erhebung wenig relevant, da in EN und ausgerichtet auf die Berichterstattung im Rahmen der interntionalen Berichte).;Nein;Nein, aber json-Files bestehen.;
Direktionsbereich Klima;38;Emissionshandelsregister EHR;Daten, die im Rahmen der Aufbewahrung und Transaktion von Emissionsrechten, Bescheinigungen und Emissionsminderungszertifikaten sowie im Rahmen von Versteigerungen von Emissionsrechten erfasst werden;BAFU (Klima);Manfred Poffet, Susanne Riedener;Kontoinhaber, Kontonutzer, EU, UNFCCC, CORE;"Via EHR-Portal Umsysteme: automatische Schnittstellen CORE: manueller Download";Ja bzw. gem. Cybersecurity-Konzept;Emissinshandelsregister EHR;"Gesetzlicher Vollzug EHS, Verminderungsverpflichtung, Kompensationspflicht Linking-Abkommen mit EU (Staatsvertrag) Handel ausserhalb Pflichten CO2-Gesetz allg. Öffentlichkeit";Transaktionsdaten älter als 3 Jahre werden publiziert. Zudem gewisse Daten (inkl. Personendaten) im Zusammenhang mit EHS und ausgestellte Bescheinigungen;teilweise;www.emissionsregistry.admin.ch 
Abteilung Wasser;39;Swisstopo Geodaten;Alle Erhebungen der swisstopo, die zu Geodatenprodukten führen;swisstopo;Zagorka Saula ;swisstopo;"JIT-Konsumation von OGC-WMS, Zudem: Download von ESRI file geodatabase rasters, feature classes, tables etc. ";ja;"Extern: unbekannt GIS-Plattform des BAFU bei abraxas; bzw. JIT-Nutzung von Services";Breite Nutzung durch diverseste Gruppen wahrscheinlich;Ja;ja;Datenherr ist swisstopo. Die Abt. Wasser ist intensive Nutzniesserin der Daten.
Abteilung Wasser;40;Kantonale Geodaten und -dienste;"Verschiedene kantonale Erhebungen gemäss GSchG zu Zustand der Gewässer und zu Massnahmen an denselben. Gemeint sind hier all diejenigen Daten/Dienste, die in den Geltungsbereich des GeoIG fallen und als Dienste von den Kantonen bereitgestellt werden.  - Verschiedene Geobasisdatensätze";Kantone;"Fachlich: Verschiedene Fachpersonen der Abt. Wasser ""Technisch"": Urs Helg";"Erhebung: Kantone; Bereitstelllung: Via Plattform der KGK (www.geodienste.ch)";"JIT Konsumation von OGC-WFS, vollautomatische Nutzung der geodienste.ch API, sporadisch:  manuelle downloads";ja;"Extern: www.geodienste.ch Lokal: I.d.R. keine Datenhaltung, nur JIT-Konsumation von Services";Breite Nutzung durch diverseste Gruppen wahrscheinlich;Ja;ja, allerdings;Datenherr sind die Kantone. Die Abt. Wasser ist intensive Nutzniesserin der Daten.
Abteilung Wasser;41;Landwirtschafliche Betriebsstrukturerhebung;Standorte der landw. Betriebe der Schweiz und die wichtigsten betrieblichen Kennzahlen;BFS;Urs Helg;BFS;csv;nein;GIS-Plattform des BAFU bei abraxas;Breite Nutzung durch diverseste Gruppen wahrscheinlich;ja;nein;Datenherrschaft liegt beim BFS. Die Abt. Wasser ist intensive Nutzniesserin der Daten. 
Abteilung Wasser;42;Legacy-Datensammlungen;"Einige Datensammlungen in der Abteilung, die  früher durch die Abteilung selbst aufgebaut und gepflegt wurden, in den letzten Jahren aber sukzessive durch kantonale Geobasisdatensätze und -dienste abgelöst wurden oder in Kürze abgelöst werden. - Fischlebensräume- Planerischer Gewässerschutz - ""ARA-DB "" - Ökomorphologie Fliessgewässer";Kantone;Variabel;Kantone;Verschiedene Formate;unklar;GIS-Plattform des BAFU bei abraxas;All diesen Daten gemeinsam ist, dass sie aufgrund des Umschwenkens auf die Nutzung von Geobasisdaten (der Kantone) nicht mehr aktiv gepflegt sind, nicht aktuell sind, in Struktur und Schema nicht den aktuellen Geodatenmodelle entsprechen. ;?;Die Rohdaten nicht. Teilweise finden sich die Daten noch als Dokumentation eines (historischen) Zeitstandes in map.geo und data.geo.admin.ch;Sind längerfristig wohl gute Kandidaten für's Bundesarchiv. Dokumentation eines historischn Zeitstandes. 
Abteilung Wasser;43;Photodatenbank Abt. Wasser;Umfangreiche Sammlung von Photos zu Wasserkraftanlagen, inklusive Schlagwörter und wesentlichste (EXIF)-Metadaten, inklusive die Standorte der Photos. ;Abt. Wasser;"""Technisch"": Urs Helg Fachlich : Emilie Person";MA der Sektion Sanierung Wasserkraft;ArcGIS Enterprise feature layer. Erhebung mittels SmartPhone App;ja;ArcGIS Enterprise for Portal auf GIS-Plattform des BAFU bei abraxas;Internes Arbeitsinstrument für Sektion Sanierung Wasserkraft. Die Photos taugen nicht für die Öffentlichkeit ;unklar;Nur Sektionsintern;
Abteilung Wasser;44;NAWA Bio;"Biologische Erhebungen an Fliessgewässern am Monitoringnetz ""NAWA"" (rund 150 Stationen). ";BAFU/Kantone;Yael Schindler;Abteilung Wasser;Excel von mandatierten Büros gehen erst ans BAFU und danach an die Kantone;teilweise (Die Excel-Tabellen der ext. Auftragnehmer haben immer wieder mal leicht abgweichende Struktur) ;"Aktuell: Excel in ActaNova; Bald: DB Midat bei InfoFauna (ehem.  CSCF) ";Breite Öffentlichkeit;ja;nein, teilweise schon jetzt via MIDAT verfügbar, künftig noch mehr;"Achtung: Geteilte Datenherrschaft BAFU-Kantone! Die anderen Erhebungen auf dem NAWA-Netz (Chemie, Nährstoffe, etc.) werden von der Abteilung Hydrologie bewertkstelligt. "
Abteilung Wasser;45;An ARA angeschlossene Einwohner;Kantonale Erhebung zu den an die ARAs angeschlossenen Einwohner: Die original kantonalen Daten werden nach Bereinigung veröffentlich, zudem werden Derivate und abgeleitete Daten veröffentlicht: Daten zur MV-Reinigungsleistung der ausgebaute ARA, Verwaltungs-Adressen der ARA, Eang der ARA;BAFU/Kantone;"1. Sébastien Lehmann 2. Caroline Liebich";Wasser;Excel von kantonalen Fachstellen gehen ans BAFU;Ja;ActaNova (Excel);In aggregierter Form für die breite Öffentlichkeit;ja;Ja. ;
Abteilung Wasser;46;Umsetzungskontrolle Befüll- und Waschplätze (BWP) von Pflanzenschutzmittelspritzgeräten;Kantone kontrollieren, ob die Befüll- und Waschpläötze GSchG - konform sind. Die Kantone senden jährlich eine Tabelle, die Auskunft gibt über mangelhafte BWP sowie die totale Anzahl geprüfter BWP;BAFU/Kantone;Urs Schönenberger;"BAFU, Abt. Wasser Datenlieferant: Kantone";"Aktuell: Excel Künftig: Webbasiertes Eingabetool mit DB";Gewisse Abstriche, die aber mit dem geplanten Web-Tool abgefangen werden sollen. ;"Momentan: Excel in ActaNova Künftig: DB (wahrscheinlich bei BIT / BAFU)";Kantonale Fachstellen, bedingt für die Öffentlichkeit von Interesse;ja;nein;Das geplante Erfassungstool ist eines der Arbeitspakete der Digitalen Projekte (wahrscheinlich AP 28).
Abteilung Wasser;47;UmKo Revitalisierung;Umsetzungskontrolle Revitalisierung für Fliessgewässer, Seen, Geschiebe und Längsvernetzung.;Kantone;"Gesamtverantwortung: Gregor Thomas Umsetzung: C.Renner";"Lieferung durch Kantone; interne Verantwortung:  Sektion Revitalisierung und Fischerei";"Excel (Format ist ausreichend; insbesondere in einer Kosten-Nutzen-Betrachtung; nur Standardfunktionen)";Datenqualität ist sichergestellt durch Formularvorlagen, durch interne QS, durch Ablage in ActaNova;ActaNova (Excel) und zwar die Daten sowie die Formatvorlagen;Interne Arbeitsdaten, nicht für die Öffentlichkeit bestimmt (u.a. wegen Finanzdaten und Planungsdaten);nein, wegen Vertraulichkeit;Nein, weil z.T. vertrauliche Finanzkennzahlen;
Abteilung Wasser;48;Berichterstattungspflicht Trockenheit (2015, 2018, 2022);Fragebögen an Fachstellen Gewässerschutz und Fischerei nach Trockenheits-Ereignissen auf Basis findmind;Abt. Wasser;Fabian Mauchle;Kantone;findmind -> CSV ->Excel;ja;ActaNova, Excel, findmind-Account des BAFU;Öffentlichkeit, kantonale Fachstellen, BAFU Gewässerschutz;ja;In Berichten spezifisch zu den jeweiligen Ereignissen. Die Rohdaten sind nicht veröffentlicht;Die Erhebung wird ab 2027 via die Abt. Hydrolgie via die Nationale Trockenheitsplattform bewerkstelligt
Abteilung Wasser;49;Erhebung zum Vollzugsstand Grundwasserschutz  (geplant);Umsetzung der Empfehlung 3 des GPK-N Berichtes (Massnahmen im Grundwasserschutz);Abt. Wasser;Frédéric Guhl;Kantone;Noch offen. Der Grossteil wird wahrscheinlich über GeoIG, Geodatenmodelle und geodienste.ch abgewickelt. Zusätzlich: Fragebogen an kantonale Fachstellen;Noch offen. Erhebungen sind erst im Aufbau;Noch offen;Wahrscheinlich für die breite Öffentlichkeit. Es muss angenommen werden, dass gewisse Teilaspekte der Erhebungen (gewisse Informationen) vertraulich sind. ;Voraussichtlich in Teilen öffentlich, in Teilen vertraulich;Voraussichtlich nein;Aufgrund der Brisanz der Informationen werden vom BAFU höchstwahrscheinlich nur aggregierte Informationen herausgegeben. Die kantonalen Originaldaten werden nicht veröffentlicht. 
Abteilung Wasser;50;Restwasserkarte Schweiz (BAFU 2007);Damit der Vollzug des GSchG im Bereich Restwassersanierung (Art. 80 ff. GSchG) überblickt werden kann und zur Information der Öffentlichkeit und anderer interessierter Stellen, wurden die von den Kantonen erstellten und dem Bund eingereichten Inventare der bestehenden Wasserentnahmen in einer nationalen Restwasserkarte (BAFU 2007, Massstab 1 : 200’000) wie auch digital (WebGIS, Zusatzdaten und Rohdaten zum Download) publiziert.;BAFU/Kantone;Marc Baumgartner;Kantone;Übermittlung der Daten ist abgeschlossen (Einreichung 1994 bis 2006). Auf die ursprünglich vorgesehene periodische Nachführung wird verzichtet.;Verantwortlich für die Qualität der Daten sind die Kantone. Datenquellen sind nachvollziehbar.;"Datenbank ""Invent""";Kantone (Vollzug), Bund (Vollzugsaufsicht), Öffentlichkeit und anderer interessierter Stellen;;Ja;
Abteilung Wasser;51;VTM Erhebung Vollzugsstand (2009, 2016, 2025);Erhebung zum Stand des Vollzugs der VTM, neu alle 4 Jahre.;BAFU/Fachbereich Energie der wirtschaftlichen Landesversorgung ;Fabian Mauchle;Kantone;findmind->CSV->Excel;ja;ActaNova, Excel, findmind-Account des BAFU;Öffentlichkeit, kantonale Fachstellen, BAFU Gewässerschutz, BWL, Abteilung Trinkwasser der wirtschaftlichen Landesversorgung;ja;Wird in Berichten des BWL veröffentlicht, Rohdaten sind nicht öffentlich. ;
Abteilung Wald;52;Altholzstatistik;Ressourcennutzung;Partner;Achim Schafer;Abteilung Abfall;Excel;Nein;;Relevant für die Abteilung Wald, den Bund und die Zivilgesellschaft;Ja;Nein;
Abteilung Wald;53;Papierherstellerstatistik;Papierherstellung;Dritte;Achim Schafer;Verband der Papierherstellung;Email;Nein;;Relevant für die Abteilung Wald, den Bund und die Zivilgesellschaft;Ja;Nein;
Abteilung Wald;54;Holzverarbeitungserhebung;Ressourcennutzung;Partner;Achim Schafer;BFS;Excel;Ja;;Relevant für die Abteilung Wald, den Bund und die Zivilgesellschaft;Ja;Nein;
Abteilung Wald;55;Industrieholzerhebung;Ressourcennutzung;Partner;Achim Schafer;BFS;Excel;Ja;;Relevant für die Abteilung Wald und den Bund;nein;Nein;
Abteilung Wald;56;Holzendverbrauchsstudie;Holzverbrauch;Abt Wald;Achim Schafer;BFH;Email;Ja;;Relevant für die Abteilung Wald, den Bund und die Zivilgesellschaft;Ja;Ja;
Abteilung Wald;57;Unternehmensstatistik StatENT;Arbeitnehmerauswertungen;Partner;Achim Schafer;BFS;CSV;Nein;;Nur relevant für die Abteilung Wald;nein;Nein;
Abteilung Wald;58;Zollstatistik Aussenhandel;Import-Export-Analyse;Partner;Achim Schafer;BAZG;CSV;Nein;;Relevant für die Abteilung Wald, den Bund und die Zivilgesellschaft;Ja;Ja;
Abteilung Wald;59;Forstwirtschaftliche Gesamtrechnung;Forstwirtschaftliches Monitoring;Partner;Achim Schafer;BFS;Excel;Nein;;Relevant für die Abteilung Wald, den Bund und die Zivilgesellschaft;Ja;Ja;
Abteilung Wald;60;Biotische Gefahren im Wald;abiotische Faktoren im Wald;Partner;Aline Knoblauch;Kantone & WSL;;Nein;;Relevant für die Abteilung Wald, den Bund und die Zivilgesellschaft;nein;Nein;
Abteilung Wald;61;Nationales Kataster der Samenernte Bestände;Samenernte in der Schweiz;Abt Wald;Andrea De Boni;Kantone;Email;Nein;;Relevant für die Abteilung Wald, den Bund und die Zivilgesellschaft;nein;-;
Abteilung Wald;62;Holz-Energie-Statistik/ Gesamt-Energie-Statistik;Holz-Energieverbrauch;Abt Wald;Alfred Kammerhofer;Holzenergie Schweiz;Email;Ja;;Relevant für die Abteilung Wald und den Bund;Ja;Nein;
Abteilung Wald;63;Wald Monitoring Soziokulturell;Wie wird der Wald genutzt;Abt Wald;Jean-Laurent Pfund;WSL;;Ja;;Relevant für die Abteilung Wald, den Bund und die Zivilgesellschaft;Ja;Nein;
Abteilung Wald;64;Rodungsstatistik;Nationale Rodungen;Abt Wald;Adrian Schmutz;Kantone;Email;Ja;;Nur relevant für die Abteilung Wald;Ja;Nein;
Abteilung Wald;65;Forstwirtschaftliches Testbetriebsnetz (TBN);Finanzielle Kennzahlen zum Betrieb des Waldes;Partner;Matthias Biolley;Wald Schweiz;CSV;Nein;;Relevant für die Abteilung Wald und die Zivilgesellschaft;Ja;Nein;
Abteilung Wald;66;Forststatistik;Holzernte in der Schweiz;Partner;Matthias Biolley;Kantone;CSV;Nein;;Relevant für die Abteilung Wald und die Zivilgesellschaft;Ja;Ja;
Abteilung Wald;67;Treibhausgas Inventar;CO2 Ausstoss in bestimmten Sektoren;Abt Wald;Nele Rogiers;Partner;CSV;Nein;;Relevant für die Abteilung Wald und den Bund;Ja;Ja;
Abteilung Wald;68;Liste der Waldgesellschaften der Schweiz;Politisches Entscheidungsinstrument;Partner;Robert Jenni;Kantone;CSV;Nein;;Relevant für die Abteilung Wald und den Bund;Ja;Nein;
Abteilung Wald;69;Langfristige Waldökosystemforschung LWF;Bodenzustand im Wald;Abt Wald;Verena Liedschulte;WSL;Email;Nein;;Relevant für die Abteilung Wald und den Bund;Ja;Ja;
Abteilung Wald;70;Sanasilva;Waldzustand;Abt Wald;Verena Liedschulte;WSL;Email;Nein;;Nur relevant für die Abteilung Wald;Ja;Nein;
Abteilung Wald;71;Landesforstinventar (LFI);Waldzuwachs nach Baumarten;Partner;Marjo Kunnala;WSL;Linked Data;Ja;;Relevant für die Abteilung Wald, den Bund und die Zivilgesellschaft;nein;Nein;
Abteilung Wald;72;Schutzwaldausscheidung;Modell zu Naturgefahrenprozessen;Abt Wald;Benjamin Lage;verschiedene;RDF;Ja;;Relevant für die Abteilung Wald, den Bund und die Zivilgesellschaft;nein;Ja;
Abteilung Wald;73;Waldbiodiversität / Waldreservaten;Anzahl und Lage der Waldreservate;Partner;Claudio De Sassi;Kantone;RDF;Ja;;Relevant für die Abteilung Wald und den Bund;nein;Ja;
Abteilung Wald;74;Holzpreisstatistik;Holzpreisentwicklung;Partner;Matthias Biolley;Agristat;Email;Nein;;Relevant für die Abteilung Wald, den Bund und die Zivilgesellschaft;Ja;Nein;
Abteilung Wald;75;Interkantonale Waldbeobachtung (IAP);Waldzustand;Partner;Verena Liedschulte;IAP;Email;Nein;;Relevant für die Abteilung Wald, den Bund und die Zivilgesellschaft;nein;Nein;
Abteilung Lärm & NIS;76;Noise maps ;Erstellen von Lärmkarten und Statistiken zu den Lärmbetroffenen gemäss der europäischen Umgebungslärmrichtlinie;Abteilung Lärm und NIS;"Nina Mahler; (Andreas Catillaz)";BAFU --> Europäische Umweltagentur;"BAFU: Direkter Upload des Dienstleisters auf GIS-Umgebung Abraxas (G-Laufwerk) Euroäische Umweltargentur: Upload via ""Datahub"" der EEA (https://www.eea.europa.eu/en/datahub)";ja;Laufwerk G (GIS-Umgebung Abraxas);Abteilung LäNIS / EUA / EC / Zivilgesellschaft;ja;ich denke schon;Noise data reported under Environmental Noise Directive (END)
Abteilung Lärm & NIS;77;Periodisch Erhebungen über den Stand der Strasssenlärmsanierungen;Das BAFU hat gemäss Art. 20 LSV bei den Kantonen und dem ASTRA periodisch eine Erhebung zum Stand der Strassenlärmsanierung durchzuführen. Die für die Erhebung benötigten Daten werden von den Kantonen und dem ASTRA erfasst und an das BAFU übermittelt. Diese Datenerhebung wird jedes Jahr bis zum 31. März durchgeführt.;Abteilung Lärm und NIS;Marlène Dias;Lieferant  Kantone + ASTRA / Erhebung durch die Sektion Strassenlärm;Aktuell : Versand per Email / Ab 2026 : Webapp;ja;Aktuell R + acta nova;Abteilung LäNIS / BAFU / Parlament / Zivilgesellschaft;ja;pas sûre de comprendre la question. Les données brutes ne sont pas publiées mais sont lisibles oui;"Modernisation de l'enquête en cours (Développement du nouvel outil en 2025) Enquête menée conjointement au controlling PV (Berichterstattung PV nächste Linie)"
Abteilung Lärm & NIS;78;Berichterstattung PV Lärm-/Schallschutz;Der Kantone erstatten dem BAFU jährlich Bericht über die Verwendung der Beiträge;Abteilung Lärm und NIS;Marlène Dias;Lieferant  Kantone / Erhebung durch die Sektion Strassenlärm;Aktuell : Versand per Email / Ab 2026 : Webapp;ja;Aktuell R + acta nova;Abteilung LäNIS / Sektion Finanzen / BAFU / Parlament / Zivilgesellschaft;ja;pas sûre de comprendre la question. Les données brutes ne sont pas publiées mais sont lisibles oui;"Modernisation du controlling en cours (Développement du nouvel outil en 2025) Controlling mené conjointement à l'enquête sur l'assainissement (enquête art. 20 ligne précédente)"
Abteilung Lärm & NIS;79;Strassenlärm-Messdatensammlung ODeSSA;Die Strasseneigentümer (ASTRA, Kantone, Gemeinden/Städte) beauftragen regelmässig Ingenieur-Büros mit vers. Strassenlärm-Messungen. Auf freiwilliger Basis können die Auftraggeber solcher Messungen, die Ing.-Büros auch mit der Lieferung der (Roh-)Messdaten an die Empa (Bibliothekarin) beauftragen. Nach dem Open-Data-Prinzip können beispielsweise Forschungsstellen oder Ing.-Büros diese Messdaten für Analysen und Studien verwenden.;Der Betrieb wird finanziert von Kantonen (via Cercle Bruit), ASTRA und BAFU (Lärm uns NIS);Michael Gerber;Ingieneur-Büros im Auftrag von Kantonen, ASTRA, Gemeinden/Städten, BAFU (LäNIS);Die Daten werden nicht an das BAFU geliefert. ;Ja, die Empa nimmt bei jedem Daten-Eingang eine grösstenteils automatisierte Plausiblilisierung vor. Es gibt teilweise auch Datenfelder, welche aussagen, welche Qualitätsstufe der Messmethode angewendet wurde (Zustandsaufnahme, Monitoring, Abnahmemessung);Die Daten sind nicht im BAFU gespeichert. Die Empa speichert die Daten sehr simpel für maximale Kompatibilität als ASCII-Datei. Die Daten-Bearbeitung (Ein-/Ausgang, Plausibilisierung) erfolgt mit Matlab-Skripten. ;Für die Strasseneigentümer und das BAFU: z.Bsp. Weiterentwicklung von lärmarmen Strassen-Belägen, Erkenntnisse über die Lärmemissionen von Strassen-Fahrzeugen gewinnen, Weiterentwicklung, Ergänzung und Validierung von Lärmprognose-Modellen sowie deren Modulen.;Nein. Ohne Fachwissen und Auswertung/Aggregierung sind die Messdaten nicht aussagekräftig.;Nein. Die Daten müssen bei der Empa angefordert werden.;"Die Empa baute die Messdatensammlung im Jahre 2021 auf. Seit 2022 ist sie ""in Betrieb"". Dementsprechend befindet sich das Projekt noch im Anfangsstadium. Weitere Infos (Projektbeschrieb, Berichterstattungen, Muster-Excel für die Dateneinlieferung): https://www.empa.ch/odessa "
Abteilung Lärm & NIS;80;BERENIS;"Systematisches Screening und Evaluation wissenschaftlicher Artikel zu den Auswirkungen von NIS auf Mensch und Umwelt. Die Evaluation wird kontinuierlich von der Beratenden Expert:innengruppe NIS (BERENIS) durchgeführt und einmal pro Quartal in einem Newsletter veröffentlicht. Die in den Newslettern publizierten Informationen sind unterdessen systematisch über eine Webapplikation zugänglich. Datentyp: textuelle Synthesedaten, Bibliographie";Abteilung Lärm und NIS;Maurane Riesen;BERENIS (wissenschaftliches Sekretariat ist beim SwissTPH - Stefan Dongus, Leitung UniBAS David Schürmann);Zugang zum Share vom SwissTPH Alfresco. Zusammenfassungen im Word, gesamte Literatulisten im Excel, Zusammensassung mit kategorisierung im Excel, Beurteilungen im Word, Original Artikeln als PDF. ;ja;im Acta Nova als Word/PDF (Newsletter) und in 2 Excellisten (BERENIS Zusammenfassungen, gesamte Literaturliste), sowie auf der Shinyapp (und Framacalc);"interessierte Zivilgesellschaft; Fachpersonen (z.B. Ärzt:innen, Wissenschaftler:innen, NIS-Fachstellen der Kantone), Behörden (andere Bundesämter, Kantone); Sektion NIS";ja;Teilweise;berenis-newsletter.shinyapps.io/BAFU_BERENIS_APP/
Abteilung Lärm & NIS;81;NIS-Expositionsmessungen;"Das NIS-Expositionsmessungen erfasst die tatsächliche Belastung der Bevölkerung durch die wichtigsten Quellen von nichtionisierender Strahlung (z.B. Hochspannungsleitungen, Rund-funksender, Mobilfunkanwendungen, WLAN). Zu diesem Zweck werden seit 2021 schweizweit Messungen in typischen öffentlichen Aussen- und Innenbereichen, in Privatwohnungen und an fünf Messstationen durchgeführt. Datentypen: 1) georeferenzierte Messdaten von mobilen Messungen, die mit einem Messrucksack zu Fuss erhoben werden (Zeitreihen aufgrund Whlg der Messungen ca. alle 2-3 Jahre) 2) Messdaten von mobilen in-house Messungen (Zeitreihen aufgrund Whlg der Messungen ca. alle 2-3 Jahre) 3) Messdaten von stationären in-house Messungen (Dauer 15 min und 24 h)  4) Messdaten von stationären Messstationen (kontinuierliche Dauermessungen)";Abteilung Lärm und NIS;Sebastian Egger;"bis Ende 2025:  Konsortium SwissNIS bestehend aus 3 Messfirmen (Grolimund + Partner AG, Fields at Work, NEDtech) und 1 wissenschaftlichen Institut (SwissTPH) ab 2026 (noch offen): a) bei Vertragsverlängerung mit SwissNIS bis Ende 2028 wie bisher b) bei rechtzeitigem Aufbau einer NIS-Datenplattform & Abbildung der Datenprozesse am BAFU wären kostengünstige Freihandvergaben der Messungen an qualifizierte Messbüros möglich oder SwissTPH denkbar";"Rohdaten: Download per FTP-Server möglich (mit Limitationen der Bundes-IT, d.h. fixe IP einer einzlenen Dockinstation im Bundesnetz; Port-Forwarding, etc.) prozessierte Daten: download via MySQL-Server möglich (mit Einschränkungen des BUNDES, d.h. fixe IP einer einzlenen Dockinstation im Bundesnetz; Port-Forwarding, etc.) korrigierte und qualitätsgesicherte Jahresdatensätze: - via zip-Download vom FTP-Server oder (früher) File-Transfer-Service Bund";"Achtung: Anworten auf diese Frage sind stark subjektiv verzerrt ! --> siehe Dunning-Kruger Effect (https://en.wikipedia.org/wiki/Dunning%E2%80%93Kruger_effect) Datenqualität  Die Datenqualität wird von der Projektleitung als grundsätzlich hoch eingestuft.  Beurteilungsgrundlage: grösstenteils Fachwissen; teilweise Dokumentation; teilweise Validierung Reproduzierbarkeit & Qualitätssicherung a) Prozesse AuftragnehmerinDie Qualtiät der Prozesse, die der Dienstleister im Projekt aufgebaut hat, wird aktuell fast aussschliesslich durch den Dienstleister selbst sichergestellt. Der Vertrag beinhaltet einen Passus zur Qualitätssicherung, allerdings ist sie nicht genau spezifiziert und wird auch nicht systematisch kontrolliert. Die grobe Prozessstruktur ist im Jahresbericht des Dienstleisters dokumentier. Die Funktionsweise und Feinheiten der Prozesse sind mit Spezialwissen teilweise nachvollziehbar, teilweise aber auch eine Black Box. Der wissenschaftliche Teil der Auftragnehmerin ist bestrebt eine Standard-Operation-Procedure (SOP) zu dokumentieren, um die Erhebung vollständig reproduzierbar zu machen. Die Bestrebungen des BAFU eine bessere Transparenz bei der Datenprozessierzung zu gewährleisten stossen leider an die Grenzen (bzw. in den Graubereich) des Auftrags/Vertrags und an die Grenzen der Kooperationsbereitschaft - insbesondere der privaten Dienstleister:innen. b) Prozesse BAFU Ein Teil der Ergebnisse wird durch das BAFU nachgerechnet und zur Publikation eigener Ergebnisse auf der Webpage verwendet. Die Datenaufbereitung erfolgt mithilfe von kommentierten R-Skripten.";"noch: Laufwerk O zukünftig: Laufwerk G";Sektion NIS / NIS-Fachstellen der Kantone / interessierte Zivilgesellschaft / Politik;"ja --> nocht nicht realisiert allerdings nicht auf Rohdatenlevel weil ...- einige Messdaten enthalten besonders schützenswerte Personendaten - es ist fraglich, ob eine Publikation der annonymisierten Rohdaten sinnvoll ist, da sie ohne dediziertes Fachwissen schwer interpretierbar sind";"nein (aber für 2025 geplant)";
Abteilung Lärm & NIS;82;NIS-Magnetfeldmodellierungen Übertragungsleitungen Strom;"Information der Bevölkerung über die Belastung durch Magnetfelder von Stromübertragungsleitungen als Teil des gesetzlichen Auftrags des NIS-Monitorings. Die Berechnung ist zwar auf einen 5-Jahrestunus geplant. Eine jährliche Berechnung scheint aktuell jedoch möglich, da die Berechnung weitestgehend automatisiert abläuft. Bei einem differenziellen Abgleich wäre (zukünftig) auch ein Live-Monitoring denkbar, wenn beim BAFU eine entsprechende Infrastruktur aufgebaut werden kann. Die Qualität der Berechungsergebnisse ist allerdings von unterschiedlichen Datenzulieferern abhängig Produkt: Schweizweiter Rasterdatensatz (Geodaten) mit dem Magnetfeld auf Bodenniveau (1 m) in 3x3m Auflösung in einem 200-Meter-Radius um die Stromübertragungsleitungen  (d.h. X ,Y, Z, B-Feld) Datentyp: georeferenzierte Berechnungsdaten (Rasterdaten)";Abteilung Lärm und NIS;Sebastian Egger;"BAFU: Abteilung Lärm & NIS (diverse Annahmen für Inputparametern und teilweise technische Inputdaten aus Projektstellungnahmen und alten Projekten) BFE - Minimales Geodatenmodell ""elektrische Anlagen mit einer Nennspannung von 36 kV""Swisstopo - WMTS  falls sich die Stromnetzbetreiber zur Kooperation bereiterklären - Lieferung technischer Parameter zu Masten, Leitungen und Strömen";"BAFU - diverse Excels, Geodatabase BFE - Aktuell noch phyischer Download einer Geodatabase, zur Minimierung der Variabilität der Grundlagendaten im Prototyp. Die Data-Pipeline via Web-Feature-Service ist schon vorbereitet. Swisstopo - WMTS Stromnetzbetreiber - noch zu definieren";"ja (Die Dokumentation ist allerdings noch nicht vollständig)";"noch: Laufwerk O zukünftig: Laufwerk G (sowie Laufwerk E: auf dem Fachcontainer LäNIS Int)";Sektion NIS / NIS-Fachstellen der Kantone / interessierte Zivilgesellschaft / Politik;ja;"nein (ist für 2025 geplant)";
Abteilung Lärm & NIS;83;NIS-Magnetfeldmodellierungen Fahrleitungen Bahn;"- startet vorraussichtlich 2026 - Gesamtprozess grundsätzlich ähnlich NIS-Magnetfeldmodellierungen Übertragungsleitungen Strom, jedoch mit anderen Datenquellen und Ausbreitung-Algorithmen (oder externer Software) Ziel: ähnlicher Rasterdatensatz wie bei den Übertragungsleitungen Strom Datentyp: georeferenzierte Berechnungsdaten (Rasterdaten)";Abteilung Lärm und NIS;Sebastian Egger;noch unklar;noch unklar;noch unklar;noch unklar;Sektion NIS / NIS-Fachstellen der Kantone / interessierte Zivilgesellschaft / Politik;ja;nein;
Abteilung Lärm & NIS;84;NIS-Modellierungen stationärer Hochfrequenzquellen;"- startet voraussichtlich 2025 - Gesamtprozess grundsätzlich ähnlich NIS-Magnetfeldmodellierungen Übertragungsleitungen Strom, jedoch mit anderen Datenquellen und Algorithmen (oder externer Software) für die Ausbreitung des elektrischen Feldes  Ziel: Schweizweiter, flächendeckender Rasterdatensatz der elektrischen Feldstärke, ausgehend von TV-, Rundfunk- & Mobilfunkantennen Datentyp: georeferenzierte Berechnungsdaten (Rasterdaten)";Abteilung Lärm und NIS;Sebastian Egger;noch unklar;noch unklar;noch unklar;noch unklar;Sektion NIS / NIS-Fachstellen der Kantone / interessierte Zivilgesellschaft / Politik;ja;nein;
Abteilung Lärm & NIS;85;Umfrage zum Nutzungsverhalten & Verwendung körpernaher NIS-Quellen;"Erhebung zur Durchdringung, Verwendung und Nutzung körpernah betriebener elektrischer Geräte (bzw. körpernaher NIS-Quellen), die  relevant für die persönliche Exposition sein können (z.B. Mobiltelefone, Smartwatches, Bluetoothkopfhörern, Induktionskochherde, Heizdecken, etc.). Die Erhebung fand erstmalig im Nov 2024 statt und soll in einem kleineren Rahmen in die OMNIBUS-Erhebung vom Bundesamt für Statistik integriert werden, die in einem 4-Jahresturnus stattfindet (nächste Erhebung 2027). Datentyp: Umfragedaten";geteilt: Abteilung LäNIS + Bundesamt für Gesunheit (Nichtionisierende Strahlen und Dosimetrie);Sebastian Egger (BAFU) + Evelyn Stempfel (BAG);"Nov. 2024: gfs.bern ab 2027: Bundesamt für Statistik (BFS)";"gfs.bern: vermutlich via E-Mail oder File-Transfer-Service BFS: noch abzuklären";"gfs.bern: ja (mithilfe einer Methodendokumentation) BFS: vermutlich ja";noch nicht bestimmt (vermutlich Netzlaufwerk O oder G);Sektion NIS / BAG / NIS-Fachstellen der Kantone / interessierte Zivilgesellschaft / Politik;ja (annonymisiert);"nein (ist für 2025 geplant)";
Abteilung Lärm & NIS;86;Meteodaten für Lärmausbreitungsberechnung (2019);"GIS-Datensatz mit Angaben zu vertikalen Profilen der Windgeschwindgkeiten und der Temperatur in der bodennahen Atmosphäfe zur Berechnung des Meteoeinflusses auf die Lärmausbreitung.";Empa/Bafu(Abteilung Lärm und NIS);Kornel Köstli;"Empa; Abteilung Akustik";"In 3 Varianten: - Im Schiesslärm-Berechnungsprogramm sonARMS integriert- Datenbank mit Python-Abfrageprogramm - csv-Files (nicht vollständiger Datensatz)";Die Empa hat dazu auch ein peer-reviewed Paper publiziert.;sonARMS (siehe Kolonne H);"Abteilung LäNIS; Störfallvorsorge benutzt die Daten ebenfalls im Bafu";Innerhalb sonARMS sind die Daten zugänglich. sonARMS ist auf unserer Homepage frei downloadbar.;Nein. Ohne Rohdaten;https://www.bafu.admin.ch/bafu/de/home/zustand/daten/geodaten/laerm--geodaten.html
Abteilung Lärm & NIS;87;Grundlagendaten für die Lärmausbreitungsberechnung sonARMS/sonAIR (2022);"4 GIS-Datensätze: Bodenbedeckung, Terrainmodell, Gebäude, Hintergrundkarte für ganz CH um Lärmimmissionskarten zu berechnen";Bafu(Abteilung Lärm und NIS)/Swisstopo;"Kornel Köstli; (Andreas Catillaz)";"Swisstopo; Aufbereitet im Auftrag des Bafu durch die Firma n-Sphere";Daten sind im sonAIR integriert, welches auf dem Abraxas-Server läuft.;Die Firma n-Sphere hat Berichte zur Datenerhebung zu Handen Bafu erstellt.;sonAIR (siehe Kolonne H);"Abteilung LäNIS; Akustikbüros in CH";Die Daten können bei uns bestellt werden via Email an noise@bafu.admin.ch;Nein. Ohne Rohdaten;Für eine Automatische Abgabe via Webtool auf der Liste möglicher IT-Projekte im Bafu vorgemerkt.
Abteilung Lärm & NIS;88;Befragungsdaten gekoppelt mit Lärmwerten aus empirischen sozioakustischen Befragungsstudien (seit 2001);"In der Abt. LäNIS werden Daten gesammelt, die im Rahmen von empirischen Befragungsstudien generiert werden bzw. wurden, im Wesentlichen mit Variablen zur Belästigung und anderen selbstberichteten gesundheitlichen Lärmauswirkungen. (Beispiel: SiRENE-Befragung) Es handelt sich insgesamt um ungefähr 8 Erhebungen (ca. 20'000 Records)";Daten gehören z.T. exklusiv dem, BAFU, z.T. externen Auftragnehmern (z.B. ETH Zürich), z.T. beiden bzw. ist es nicht ganz klar.;Mark Brink;"Befragungsdaten erhebt das BAFU selber bzw. übernimmt diese von früheren Auftragnehmern (z.B. ""Lärmstudie 2000"" oder die Befragungsstudie zu Militärischem Schiesslärm von der ETH), berechnete Lärmwerte stammen von n-SPhere AG oder der Empa";je nach Volumen via Email oder File-Sharing;ja;noch nicht bestimmt (vermutlich Netzlaufwerk O oder G);Abteilung LäNIS, externe Forschungsstellen, ICBEN ISAR-Archiv (im Aufbau);Ja, aber annonymisiert (--> es gibt erhöhte Anforderungen aus Datenschutzgründen);Ja (ICBEN ISAR-Archiv), Zeitpunkt noch unbekannt;
Abteilung Lärm & NIS;89;"Lärmbelastungskarten – nationale Übersicht (2015)";"Lärmbelastungskarten – nationale Übersicht gemäss Geodatenmodell (ID 120.1-4)";Abteilung Lärm und NIS;Andreas Catillaz;Abteilung Lärm und NIS;Extern Erhoben (aber im Auftrag des BAFU). Wird direkt in die GIS-Umgebung Abraxas hochgeladen.;ja;"sonBASE (GIS-Applikation); File-Geodatabase (ESRI); GIS-Umgebung (Abraxas)";"Abteilung Lärm und NIS; ASTRA, BAV, BAZL Kantone, Gemeinden, EUA Universitäten ARE (externe Effekte des Verkehrs) MfM-U (BAFU, Kantone) AÖL, WSL (Landschaftsqualität) Studien zu Immobilien (BFS, ZKB, Wüest&Partner) BAFU (Umweltdaten, Indikatoren) BFS (Umweltstatistik, Urban Audit) Lärmwirkungsforschung (SiRENE, DALY) swissTPH BFH (Armutsmonitoring)";ja (GeoIV Anhang 1, A);"ja (Produkt wird veröffentlicht (Rasterdaten); keine Rohdaten)";https://www.bafu.admin.ch/bafu/de/home/zustand/daten/geodaten/laerm--geodaten.html
Abteilung Lärm & NIS;90;"Lärmbelastungskarten – nationale Übersicht (2021)";"Lärmbelastungskarten – nationale Übersicht gemäss Geodatenmodell (ID 120.1-4)";Abteilung Lärm und NIS;Andreas Catillaz;Abteilung Lärm und NIS;Extern Erhoben (aber im Auftrag des BAFU). Wird direkt in die GIS-Umgebung Abraxas hochgeladen.;ja;"sonBASE (GIS-Applikation); File-Geodatabase (ESRI); GIS-Umgebung (Abraxas)";"Abteilung Lärm und NIS; ASTRA, BAV, BAZL Kantone, Gemeinden, EUA Universitäten ARE (externe Effekte des Verkehrs) MfM-U (BAFU, Kantone) AÖL, WSL (Landschaftsqualität) Studien zu Immobilien (BFS, ZKB, Wüest&Partner) BAFU (Umweltdaten, Indikatoren) BFS (Umweltstatistik, Urban Audit) Lärmwirkungsforschung (SiRENE, DALY) swissTPH BFH (Armutsmonitoring)";ja (GeoIV Anhang 1, A);"ja (Produkt wird veröffentlicht (Rasterdaten); keine Rohdaten)";
Abteilung Lärm & NIS;91;"Lärmmonitoring 2021 (Szenario Gesamtverkehr 2021)";"Ergebnisse des Lärmmonitorings 2021 Szenario ""Gesamtverkehr 2021""Die Lärmpegel aus dem Jahr 2021 umfassen die Quellen Strassen-, Eisenbahn- und Flugverkehr in der Schweiz. Beim Flugverkehr wurden lediglich die Flughäfen Zürich und Genf berücksichtigt. Die Lärmpegel (Lr und Leq) liegen für die Zeitperioden Tag und Nacht für Strassen- und Eisenbahnverkehr vor. Für den Fluglärm sind zusätzlich die Zeitperioden Tag, Nacht 1, Nacht 2 und Nacht 3 verfügbar. Die Lärmpegel liegen als Fassadenpunkte vor (Punkt-Geometrie mit Z-Koordinate). Diese können folgendermaßen abgelegt werden: Hausbeurteilung: Punktgeometrie bezogen auf einzelne Gebäude. Wohnbeurteilung: Punktgeometrie bezogen auf Wohneinheiten (pro Gebäude pro Stockwerk). Je nach Auswahl können statistische Werte wie Maximalwert, Minimalwert, Mittelwert (Mean) usw. gespeichert werden. Alternativ können die Lärmpegel auch direkt auf den Gebäudedatensatz (z. B. swissBuildings mit EGID) übertragen werden. Verfügbare Features in FileGeodatabase: Gebäude Hausbeurteilung Wohnbeurteilung Fassadenpunkte Strassen, Bahnlinie Diese sind jeweils verfügbar als: Lr oder Leq Für Strassen-, Bahn- und Flugverkehr Für die Zeitperioden Tag, Nacht, Day, Evening und Night. Weitere Daten wurden für interne Berechnungen und Auswertungen verwendet, sind jedoch nicht zur Veröffentlichung vorgesehen. Szenario ""Fluglärm 2019"" Für den Fluglärm 2019 gilt dasselbe Konzept wie für das Szenario ""Gesamtverkehr 2021"". Die Daten umfassen die Flughäfen Zürich und Genf und können ebenfalls für Tag, Nacht 1, Nacht 2 und Nacht 3 bereitgestellt werden. Szenarien für die Veröffentlichung Die folgenden Szenarien sind für die Publikation vorgesehen: Gesamtverkehr 2021 (Strassen und Eisenbahn) Fluglärm 2019 Zusätzliche Szenarien (intern und extern nutzbar) Darüber hinaus existieren weitere Szenarien, die für interne Zwecke oder spezifische externe Anwendungen genutzt werden können: Maximaler Pegel ""Gesamtverkehr 2021"" (intern, methodikvergleich) Maximaler Pegel ""Fluglärmbelastung 2019"" (intern, methodikvergleich) EKLB_GV21_Option1_Leq_gleich_Lr (intern, extern) Hauptverkehr_EUA_2021.gdb (intern, extern) SENS_ES15_Strasse_Bahn_Flug19 ((intern, methodikvergleich) GV21_Hauptstraßennetz (intern, extern) GV21_Nationalstraßennetz vor Netzbeschluss 2020 (intern, extern)";Abteilung Lärm und NIS;Andreas Catillaz;Abteilung Lärm und NIS;Extern Erhoben (aber im Auftrag des BAFU). Wird direkt in die GIS-Umgebung Abraxas hochgeladen.;ja;"sonBASE (GIS-Applikation); File-Geodatabase (ESRI); GIS-Umgebung (Abraxas)";"Abteilung Lärm und NIS; ASTRA, BAV, BAZL Kantone, Gemeinden, EUA Universitäten ARE (externe Effekte des Verkehrs) MfM-U (BAFU, Kantone) AÖL, WSL (Landschaftsqualität) Studien zu Immobilien (BFS, ZKB, Wüest&Partner) BAFU (Umweltdaten, Indikatoren) BFS (Umweltstatistik, Urban Audit) Lärmwirkungsforschung (SiRENE, DALY) swissTPH BFH (Armutsmonitoring)";ja (aber ein muss ist es nicht);noch nicht, aber in Planung 2025;
Abteilung Lärm & NIS;92;"Verkehrsmodellierung im UVEK; Daten Zustand 2021 (DTV, Strassenverkehr)";"Verkehrsmengen auf allen Strassen der Schweiz für die sieben Zeitintervalle 6-22, 22-6, 7-22, 22-7, 7-19, 19-23 und 23-7 Uhr im Jahr 2021. Als Basis der Berechnung wurde das NPVM eingesetzt. Das NPVM bildet den Verkehr in der gesamten Schweiz ab. In der hier verwendeten Version NPVM2017+ wurde erst kürzlich die Verkehrsverteilung auf nachgelagerten Strassen verbessert, wovon die Lärmberechnung profitiert. Weiterhin wurden für die Berechnung der Verkehrsmengen 2021 umfangreiche empirische Verkehrszählungen von mehreren Bundesämtern und fast allen Kantonen übernommen und verarbeitet. ";Abteilung Lärm und NIS;Andreas Catillaz;Abteilung Lärm und NIS;Extern Erhoben (aber im Auftrag des BAFU). Als Versand per Transfer wurden SHP-Formate (Rsultate) übermittelt. Die shp-formate sind in der GIS Applikation sonBASE intergriert worden. Die Verekehsmodellierungdatei Visum und die Rohdaten wurdem dem ARE übermittelt.;ja ;"sonBASE (GIS-Applikation); File-Geodatabase (ESRI); GIS-Umgebung (Abraxas)";"Abteilung Lärm und NIS; ASTRA, Kantone, Gemeinden, EUA Universitäten ARE (externe Effekte des Verkehrs) MfM-U (BAFU, Kantone) AÖL, WSL (Landschaftsqualität)";ja (aber ein muss ist es nicht);noch nicht, aber in Planung 2025;Zenodo Link
Abteilung Lärm & NIS;93;Fahrbahnlabor (Eisenbahn);"Die permanente Messanlage umfasst eine Grundausstattung an Messsensorik und Messtechnik, welche fest auf der Teststrecke installiert ist. Die Messtechnik liefert kontinuierlich Daten des operativen Betriebs, welche ausgewertet und Interessierten zur Verfügung gestellt werden";Abteilung Lärm und NIS und BAV;Andreas Catillaz;Müller-BBM Rail Technologies GmbH (Im Auftrag des BAFU/BAV);Das Fahrbahnlabor und die Daten werden durch Müller-BBM Rail Technologies GmbH im Auftrag des Bundes erhoben und verwaltet. Auf Anfrage erhält  man einen direkten Zugriff auf die Messdaten.;ja;Daten werden nicht beim BAFU gespeichert.;"Empa TU Berlin ETH/EPFL Eisenbahnbranche (Bahn-/Infrastrukturbetriebe) Akustikbüros SBBBAV";Der Bund ist Eigentümerin der Daten und regelt deren Nutzung. Die Daten sind in der Regel öffentlich zugänglich. ;ja (aber auf Anfrage);https://www.fahrbahnlabor.ch/
Abteilung Lärm & NIS;94;Kontrolldaten im Rahmen der Überprüfung des Qualitätssicherungssystems von Mobilfunkanlagen;Um nach der Inbetriebnahme der Mobilfunkanlagen sicherzustellen, dass die Mobilfunkanlagen die Grenzwerte für nichtionisierende Strahlung während des Betriebs einhalten, wurde ein Qualitätssicherungssystem auf den Netzzentralen der Betreiber installiert. Dieses System wird zurzeit im Rahmen einer umfangreichen schweizweiten Stichprobenkontrolle vom BAFU überprüft. Dabei werden Parameter zur Geometrie und zum Betrieb von Mobilfunkanalgen erhoben und statistisch ausgewertet.;BAFU, kantonale Fachstellen;Joseph Al Ahmar;Mobilfunkbetreiber, Messfirmen;Excel per E-Mail, File-Transfer-Service;ja;"Speicher: ActaNova Auswertung: Local";Sektion NIS (BAFU), Mobilfunkbetreiber, kantonale NIS-Fachstellen, interessierte Öffentlichkeit, Schutzorganisationen, Medien;"ja (aber nicht die Rohdaten, aufgrund von Betriebsgeheimnissen und anderen Stakeholderinteressen) --> vermutlich nur die Statistik";nein;Qualitätssicherung zur Einhaltung der Grenzwerte der NISV bei Mobilfunkanlagen
